{"eval/steps_per_second":7.961,"train_runtime":4544.6135,"_wandb":{"runtime":4566},"eval/accuracy":0.5947807176513229,"_step":153,"eval/runtime":15.5764,"train/loss":3.061,"train_samples_per_second":2.167,"train/global_step":76,"train_steps_per_second":0.017,"total_flos":1.1700133870908211e+17,"train/grad_norm":3.865701913833618,"train/epoch":3.951259138911454,"_runtime":4562.359288277,"_timestamp":1.741153874471998e+09,"eval/samples_per_second":7.961,"eval/loss":2.100123643875122,"train/learning_rate":0,"train_loss":2.53810200252031}